Total_Return,Annualized_Return,Annualized_Volatility,Sharpe_Ratio,Max_Drawdown
2.732300097518677,11.597686014629112,0.3930224344166113,29.50896691646702,-0.043060584759861444
