Stock_A,Stock_B,Hedge_Ratio,ADF_Stat,ADF_PValue,Correlation,Half_Life,Spread_Mean,Spread_Std,Valid
ONGC.NS,POWERGRID.NS,0.8565177030133854,-4.81054229115154,5.191593951857807e-05,0.9834973369210661,20.9444660715716,2.374727083280542,13.42621591541864,True
GAIL.NS,POWERGRID.NS,0.6102123020652458,-4.306217414707347,0.00043332781633065694,0.9837201634156058,20.732176645895915,6.255022775302523,9.498876787573346,True
COALINDIA.NS,NTPC.NS,1.2023426279060447,-4.224154217109915,0.0005995397986638253,0.9929234688874204,19.39720508693407,-7.955867569555187,15.865443306336052,True
GAIL.NS,IOC.NS,1.205702873711202,-4.067724319101216,0.0010945859464905159,0.9799449027640056,29.630373704987946,7.28443548071316,10.532851674809518,True
