Total_Return,Annualized_Return,Annualized_Volatility,Sharpe_Ratio,Max_Drawdown
4.699485556534041,0.37762552271119976,0.16649874909158646,2.268038197112689,-0.13984657240558582
